Guideline URL,Ethnic Group Found,Page Numbers
https://www.sign.ac.uk/media/1706/20160126-metastatic-breast-cancer-proposal-v05.pdf,Chinese,"[23, 25, 26]"
https://www.sign.ac.uk/media/2038/sign50_2019.pdf,White,[27]
https://www.sign.ac.uk/media/2038/sign50_2019.pdf,Asian,[27]
https://www.sign.ac.uk/media/1084/sign148.pdf,White,"[8, 56, 57, 58, 59, 60, 63, 64, 65]"
https://www.sign.ac.uk/media/1084/sign148.pdf,Chinese,[52]
https://www.sign.ac.uk/media/1472/sign148_consultation_report.pdf,Chinese,[15]
https://www.sign.ac.uk/media/1642/sign50_2011.pdf,Black,[109]
https://www.sign.ac.uk/media/1642/sign50_2011.pdf,African,[35]
https://www.sign.ac.uk/media/1067/sign129.pdf,White,"[71, 73]"
https://www.sign.ac.uk/media/1081/sign145.pdf,White,[68]
https://www.sign.ac.uk/media/1081/sign145.pdf,Black,"[72, 77]"
https://www.sign.ac.uk/media/1494/sign145_search_narrative.pdf,White,[7]
https://www.sign.ac.uk/media/1495/sign145_consultation_report.pdf,White,"[14, 39, 65]"
https://www.sign.ac.uk/media/2157/sign-168-dementia.pdf,White,"[44, 69, 110, 112]"
https://www.sign.ac.uk/media/2157/sign-168-dementia.pdf,Asian,[41]
https://www.sign.ac.uk/media/2157/sign-168-dementia.pdf,Chinese,[41]
https://www.sign.ac.uk/media/2157/sign-168-dementia.pdf,Black,"[10, 25, 44, 112]"
https://www.sign.ac.uk/media/2157/sign-168-dementia.pdf,African,[65]
https://www.sign.ac.uk/media/2131/20210630-dementia-search-narrative.pdf,Irish Traveller,[21]
https://www.sign.ac.uk/media/2131/20210630-dementia-search-narrative.pdf,Asian,[21]
https://www.sign.ac.uk/media/2131/20210630-dementia-search-narrative.pdf,Indian,[21]
https://www.sign.ac.uk/media/2131/20210630-dementia-search-narrative.pdf,Pakistani,[21]
https://www.sign.ac.uk/media/2131/20210630-dementia-search-narrative.pdf,Bangladeshi,[21]
https://www.sign.ac.uk/media/2131/20210630-dementia-search-narrative.pdf,Chinese,[21]
https://www.sign.ac.uk/media/2131/20210630-dementia-search-narrative.pdf,Black,[21]
https://www.sign.ac.uk/media/2131/20210630-dementia-search-narrative.pdf,African,[21]
https://www.sign.ac.uk/media/2131/20210630-dementia-search-narrative.pdf,Caribbean,[21]
https://www.sign.ac.uk/media/2131/20210630-dementia-search-narrative.pdf,Black British,[21]
https://www.sign.ac.uk/media/2131/20210630-dementia-search-narrative.pdf,Arab,[21]
https://www.sign.ac.uk/media/2135/2023-11-14-eqia-dementia-v1.pdf,Black,[6]
https://www.sign.ac.uk/media/2377/ng245-asthma-guideline-20251112.pdf,White,[27]
https://www.sign.ac.uk/media/1068/sign130.pdf,White,[69]
https://www.sign.ac.uk/media/1068/sign130.pdf,Black,[71]
https://www.sign.ac.uk/media/2342/sign-158-2024-british-guideline-on-the-management-of-asthma-may-2025.pdf,White,"[16, 76, 80, 84, 105, 114, 119, 120, 125, 132, 142]"
https://www.sign.ac.uk/media/2342/sign-158-2024-british-guideline-on-the-management-of-asthma-may-2025.pdf,Asian,"[110, 129, 141]"
https://www.sign.ac.uk/media/2342/sign-158-2024-british-guideline-on-the-management-of-asthma-may-2025.pdf,Indian,"[114, 137]"
https://www.sign.ac.uk/media/2342/sign-158-2024-british-guideline-on-the-management-of-asthma-may-2025.pdf,Chinese,"[30, 114, 124, 125]"
https://www.sign.ac.uk/media/2342/sign-158-2024-british-guideline-on-the-management-of-asthma-may-2025.pdf,Black,"[141, 152]"
https://www.sign.ac.uk/media/2342/sign-158-2024-british-guideline-on-the-management-of-asthma-may-2025.pdf,African,"[114, 142]"
https://www.sign.ac.uk/media/1980/20220125-asthma-guideline-outcomes-report-mb-bc-final.pdf,White,[32]
https://www.sign.ac.uk/media/1394/sign158-register-of-interests.pdf,White,[1]
https://www.sign.ac.uk/media/1393/sign158-consultation-report.pdf,White,"[14, 26]"
https://www.sign.ac.uk/media/1393/sign158-consultation-report.pdf,Black,[57]
https://www.sign.ac.uk/media/1393/sign158-consultation-report.pdf,African,[46]
https://www.sign.ac.uk/media/1089/sign152.pdf,White,"[62, 67, 68]"
https://www.sign.ac.uk/media/1089/sign152.pdf,Black,[67]
https://www.sign.ac.uk/media/1047/sign150.pdf,White,"[36, 45, 48]"
https://www.sign.ac.uk/media/1047/sign150.pdf,Asian,[45]
https://www.sign.ac.uk/media/1135/sign150_consultation_report.pdf,White,[3]
https://www.sign.ac.uk/media/1440/information_about_fasd.pdf,Black,[2]
https://www.sign.ac.uk/media/1443/information_on_fasd_assessment.pdf,Black,[3]
https://www.sign.ac.uk/media/1441/information_for_clinicians.pdf,Black,[3]
https://www.sign.ac.uk/media/1442/information_for_clinicians_after_diagnosis.pdf,Black,[4]
https://www.sign.ac.uk/media/1435/boys_0-4_years_growth_chart.pdf,Black,[1]
https://www.sign.ac.uk/media/1438/girls_0-4_years_growth_chart.pdf,Black,[1]
https://www.sign.ac.uk/media/1436/boys_2-18_years_growth_chart.pdf,White,[1]
https://www.sign.ac.uk/media/1436/boys_2-18_years_growth_chart.pdf,Black,[1]
https://www.sign.ac.uk/media/1439/girls_2-18_years_growth_chart.pdf,White,[1]
https://www.sign.ac.uk/media/1439/girls_2-18_years_growth_chart.pdf,Black,[1]
https://www.sign.ac.uk/media/2296/sign-146-cutaneous-melanoma-2025.pdf,Black,[70]
https://www.sign.ac.uk/media/1533/sign138.pdf,White,"[19, 29, 44, 50]"
https://www.sign.ac.uk/media/1533/sign138.pdf,Asian,[49]
https://www.sign.ac.uk/media/1535/sign138_search_narrative.pdf,White,"[1, 2]"
https://www.sign.ac.uk/media/1064/sign126.pdf,White,[14]
https://www.sign.ac.uk/media/1064/sign126.pdf,Black,"[56, 61]"
https://www.sign.ac.uk/media/1079/sign143_2018.pdf,White,"[80, 97]"
https://www.sign.ac.uk/media/1079/sign143_2018.pdf,Asian,[24]
https://www.sign.ac.uk/media/1079/sign143_2018.pdf,Chinese,"[24, 26, 94]"
https://www.sign.ac.uk/media/1079/sign143_2018.pdf,Black,"[69, 70, 84]"
https://www.sign.ac.uk/media/1513/sign143_register_of_interests.pdf,White,[6]
https://www.sign.ac.uk/media/1509/sign143_epilepsy_implementation_meeting_june_2015_report.pdf,White,[13]
https://www.sign.ac.uk/media/1987/sign-164-eating-disorders-v2.pdf,White,"[7, 53, 83, 85]"
https://www.sign.ac.uk/media/1987/sign-164-eating-disorders-v2.pdf,Black,[85]
https://www.sign.ac.uk/media/1913/20220117-eating-disorders-consultation-report.pdf,White,"[65, 80]"
https://www.sign.ac.uk/media/1915/20220117-eating-disorders-search-narrative.pdf,Irish Traveller,[16]
https://www.sign.ac.uk/media/1915/20220117-eating-disorders-search-narrative.pdf,Asian,[16]
https://www.sign.ac.uk/media/1915/20220117-eating-disorders-search-narrative.pdf,Indian,[16]
https://www.sign.ac.uk/media/1915/20220117-eating-disorders-search-narrative.pdf,Pakistani,[16]
https://www.sign.ac.uk/media/1915/20220117-eating-disorders-search-narrative.pdf,Bangladeshi,[16]
https://www.sign.ac.uk/media/1915/20220117-eating-disorders-search-narrative.pdf,Chinese,[16]
https://www.sign.ac.uk/media/1915/20220117-eating-disorders-search-narrative.pdf,Black,[16]
https://www.sign.ac.uk/media/1915/20220117-eating-disorders-search-narrative.pdf,African,[16]
https://www.sign.ac.uk/media/1915/20220117-eating-disorders-search-narrative.pdf,Caribbean,[16]
https://www.sign.ac.uk/media/1915/20220117-eating-disorders-search-narrative.pdf,Black British,[16]
https://www.sign.ac.uk/media/1915/20220117-eating-disorders-search-narrative.pdf,Arab,[16]
https://www.sign.ac.uk/media/1916/20220117-eqia-sign-164-eating-disorders.pdf,White,[5]
https://www.sign.ac.uk/media/1922/sign-eating-disorders-service-user-engagement-workshop-report-final.pdf,White,[3]
https://www.sign.ac.uk/media/2411/sign-159-epilepsy-in-children-2026.pdf,White,"[95, 102]"
https://www.sign.ac.uk/media/2411/sign-159-epilepsy-in-children-2026.pdf,Asian,"[25, 26]"
https://www.sign.ac.uk/media/2411/sign-159-epilepsy-in-children-2026.pdf,Chinese,"[25, 26, 96]"
https://www.sign.ac.uk/media/2411/sign-159-epilepsy-in-children-2026.pdf,Black,"[59, 60]"
https://www.sign.ac.uk/media/2411/sign-159-epilepsy-in-children-2026.pdf,African,[95]
https://www.sign.ac.uk/media/1857/sign-159-consultation-feb-19-report.pdf,Black,[24]
https://www.sign.ac.uk/media/1858/sign-159-consultation-nov-18-report.pdf,Black,"[17, 28, 69]"
https://www.sign.ac.uk/media/1080/sign144.pdf,Asian,"[13, 14, 42]"
https://www.sign.ac.uk/media/1080/sign144.pdf,Indian,[17]
https://www.sign.ac.uk/media/1080/sign144.pdf,Chinese,"[17, 43]"
https://www.sign.ac.uk/media/1080/sign144.pdf,Black,[13]
https://www.sign.ac.uk/media/1080/sign144.pdf,African,"[17, 43]"
https://www.sign.ac.uk/media/1506/sign144_scoping_report.pdf,White,[9]
https://www.sign.ac.uk/media/1506/sign144_scoping_report.pdf,Asian,[3]
https://www.sign.ac.uk/media/1506/sign144_scoping_report.pdf,Black,[9]
https://www.sign.ac.uk/media/1506/sign144_scoping_report.pdf,African,"[2, 3, 9]"
https://www.sign.ac.uk/media/1499/lothian-sign-144-audit.pdf,White,[15]
https://www.sign.ac.uk/media/1070/sign132.pdf,White,[63]
https://www.sign.ac.uk/media/1070/sign132.pdf,Black,[67]
https://www.sign.ac.uk/media/1950/long-acting-burprenorphine-consensus-results-round-2.pdf,White,[36]
https://www.sign.ac.uk/media/1950/long-acting-burprenorphine-consensus-results-round-2.pdf,Black,[36]
https://www.sign.ac.uk/media/1083/sign147.pdf,African,[32]
https://www.sign.ac.uk/media/1476/qrg147.pdf,African,[10]
https://www.sign.ac.uk/media/2389/20251210-sign-chronic-pain-part-1.pdf,Black,[32]
https://www.sign.ac.uk/media/1054/sign116.pdf,White,"[76, 143, 150]"
https://www.sign.ac.uk/media/1054/sign116.pdf,Asian,"[56, 62, 84, 146]"
https://www.sign.ac.uk/media/1054/sign116.pdf,Chinese,"[67, 84, 118]"
https://www.sign.ac.uk/media/1054/sign116.pdf,Black,"[35, 56, 112, 141, 144, 145, 149]"
https://www.sign.ac.uk/media/1054/sign116.pdf,African,"[84, 137]"
https://www.sign.ac.uk/media/1054/sign116.pdf,Caribbean,[56]
https://www.sign.ac.uk/media/1054/sign116.pdf,Arab,[56]
https://www.sign.ac.uk/media/1090/sign154.pdf,White,[54]
https://www.sign.ac.uk/media/1445/qrg116-154-combined.pdf,Asian,"[5, 6]"
https://www.sign.ac.uk/media/1445/qrg116-154-combined.pdf,Black,[5]
https://www.sign.ac.uk/media/1447/sign116_cardiovascular-disease_register_of_interests.pdf,Black,[1]
https://www.sign.ac.uk/media/1451/sign116_kidney_register_of_interests.pdf,Black,[1]
https://www.sign.ac.uk/media/1453/sign116_open_reviewers.pdf,Black,[1]
https://www.sign.ac.uk/media/1449/sign116_diabetes_hsresign_may10.pdf,Asian,[61]
https://www.sign.ac.uk/media/1449/sign116_diabetes_hsresign_may10.pdf,Black,[61]
https://www.sign.ac.uk/media/1449/sign116_diabetes_hsresign_may10.pdf,Arab,[61]
https://www.sign.ac.uk/media/2205/sign-171-management-of-diabetes-in-pregnancy.pdf,White,"[30, 72]"
https://www.sign.ac.uk/media/2205/sign-171-management-of-diabetes-in-pregnancy.pdf,Asian,"[8, 20, 30, 31, 34, 36, 71, 73, 76]"
https://www.sign.ac.uk/media/2205/sign-171-management-of-diabetes-in-pregnancy.pdf,Indian,"[20, 30, 73, 76]"
https://www.sign.ac.uk/media/2205/sign-171-management-of-diabetes-in-pregnancy.pdf,Chinese,"[8, 17, 18, 71]"
https://www.sign.ac.uk/media/2205/sign-171-management-of-diabetes-in-pregnancy.pdf,Black,"[30, 32, 34]"
https://www.sign.ac.uk/media/2205/sign-171-management-of-diabetes-in-pregnancy.pdf,African,"[32, 75]"
https://www.sign.ac.uk/media/2205/sign-171-management-of-diabetes-in-pregnancy.pdf,Caribbean,"[32, 34]"
https://www.sign.ac.uk/media/2204/20240408-peer-review-consultation-report-final-formatted.pdf,White,[4]
https://www.sign.ac.uk/media/2204/20240408-peer-review-consultation-report-final-formatted.pdf,Asian,[31]
https://www.sign.ac.uk/media/2202/20240507-sign-171-search-narrative.pdf,White,[2]
https://www.sign.ac.uk/media/2202/20240507-sign-171-search-narrative.pdf,Asian,"[6, 13]"
https://www.sign.ac.uk/media/2202/20240507-sign-171-search-narrative.pdf,Chinese,[6]
https://www.sign.ac.uk/media/2010/sign135_oct2022.pdf,Asian,[61]
https://www.sign.ac.uk/media/2010/sign135_oct2022.pdf,Black,[59]
https://www.sign.ac.uk/media/1071/sign133.pdf,White,[57]
https://www.sign.ac.uk/media/1071/sign133.pdf,Asian,"[34, 54]"
https://www.sign.ac.uk/media/1071/sign133.pdf,Indian,"[54, 59]"
https://www.sign.ac.uk/media/1071/sign133.pdf,Pakistani,[54]
https://www.sign.ac.uk/media/1071/sign133.pdf,Bangladeshi,[54]
https://www.sign.ac.uk/media/1071/sign133.pdf,African,"[24, 34, 59]"
https://www.sign.ac.uk/media/1812/sign-142-osteoporosis-v3.pdf,White,"[16, 94, 133, 139]"
https://www.sign.ac.uk/media/1812/sign-142-osteoporosis-v3.pdf,Asian,"[14, 52, 53, 58, 60, 90, 139]"
https://www.sign.ac.uk/media/1812/sign-142-osteoporosis-v3.pdf,Bangladeshi,[14]
https://www.sign.ac.uk/media/1812/sign-142-osteoporosis-v3.pdf,Chinese,[14]
https://www.sign.ac.uk/media/1812/sign-142-osteoporosis-v3.pdf,Black,"[14, 114, 132, 135, 136, 137, 138, 139, 141]"
https://www.sign.ac.uk/media/1812/sign-142-osteoporosis-v3.pdf,African,[53]
https://www.sign.ac.uk/media/1812/sign-142-osteoporosis-v3.pdf,Caribbean,"[14, 53]"
https://www.sign.ac.uk/media/1518/sign142_3_year_scoping_report.pdf,White,[42]
https://www.sign.ac.uk/media/1518/sign142_3_year_scoping_report.pdf,Black,"[8, 96]"
https://www.sign.ac.uk/media/1069/sign131.pdf,White,[67]
https://www.sign.ac.uk/media/1069/sign131.pdf,Chinese,[69]
https://www.sign.ac.uk/media/1069/sign131.pdf,Black,"[57, 65]"
https://www.sign.ac.uk/media/1088/sign151.pdf,White,[74]
https://www.sign.ac.uk/media/1976/20220223-stable-angina-scope-final.pdf,White,"[4, 30]"
https://www.sign.ac.uk/media/1767/20200728-uti-consultation-report-final.pdf,White,[14]
https://www.sign.ac.uk/media/1799/evidence-review-9-patient-experience.pdf,White,"[8, 9, 14]"
https://www.sign.ac.uk/media/1984/implementation-support-note-managing-the-long-term-effects-of-covid-19-version-22-300622.pdf,Asian,[8]
https://www.sign.ac.uk/media/1984/implementation-support-note-managing-the-long-term-effects-of-covid-19-version-22-300622.pdf,Black,[8]
https://www.sign.ac.uk/media/2176/20230206-kq2-voting-report.pdf,White,[5]
https://www.sign.ac.uk/media/2172/sign-169-perinatal.pdf,White,[16]
https://www.sign.ac.uk/media/2172/sign-169-perinatal.pdf,Black,"[7, 16]"
https://www.sign.ac.uk/media/2158/20231121-sign-169-consultation-report-final.pdf,Black,"[28, 37, 38]"
https://www.sign.ac.uk/media/2201/sign-169-public-toolkit-consultation-report.pdf,Black,[14]
https://www.sign.ac.uk/media/2195/sign154-2024-update.pdf,White,[54]
https://www.sign.ac.uk/media/1129/sign154_doi.pdf,Asian,[4]
https://www.sign.ac.uk/media/1127/sign154_consultation_report.pdf,Chinese,[117]
https://www.sign.ac.uk/media/1978/20220323-3-year-scoping-report-sign-154-final.pdf,Asian,[6]
https://www.sign.ac.uk/media/1978/20220323-3-year-scoping-report-sign-154-final.pdf,Black,[6]
https://www.gov.scot/binaries/content/documents/govscot/publications/advice-and-guidance/2026/03/polypharmacy-guidance-appropriate-prescribing-making-medicines-safe-effective-sustainable-2026-2029/documents/polypharmacy-guidance-appropriate-prescribing/polypharmacy-guidance-appropriate-prescribing/govscot%3Adocument/polypharmacy-guidance-appropriate-prescribing.pdf,White,"[287, 431]"
https://www.gov.scot/binaries/content/documents/govscot/publications/advice-and-guidance/2026/03/polypharmacy-guidance-appropriate-prescribing-making-medicines-safe-effective-sustainable-2026-2029/documents/polypharmacy-guidance-appropriate-prescribing/polypharmacy-guidance-appropriate-prescribing/govscot%3Adocument/polypharmacy-guidance-appropriate-prescribing.pdf,Asian,"[366, 438, 439]"
https://www.gov.scot/binaries/content/documents/govscot/publications/advice-and-guidance/2026/03/polypharmacy-guidance-appropriate-prescribing-making-medicines-safe-effective-sustainable-2026-2029/documents/polypharmacy-guidance-appropriate-prescribing/polypharmacy-guidance-appropriate-prescribing/govscot%3Adocument/polypharmacy-guidance-appropriate-prescribing.pdf,Indian,[422]
https://www.gov.scot/binaries/content/documents/govscot/publications/advice-and-guidance/2026/03/polypharmacy-guidance-appropriate-prescribing-making-medicines-safe-effective-sustainable-2026-2029/documents/polypharmacy-guidance-appropriate-prescribing/polypharmacy-guidance-appropriate-prescribing/govscot%3Adocument/polypharmacy-guidance-appropriate-prescribing.pdf,Chinese,[424]
https://www.gov.scot/binaries/content/documents/govscot/publications/advice-and-guidance/2026/03/polypharmacy-guidance-appropriate-prescribing-making-medicines-safe-effective-sustainable-2026-2029/documents/polypharmacy-guidance-appropriate-prescribing/polypharmacy-guidance-appropriate-prescribing/govscot%3Adocument/polypharmacy-guidance-appropriate-prescribing.pdf,Black,"[10, 417, 419, 428, 482]"
https://www.sign.ac.uk/media/1787/sg-maternal-critical-care-provision_v33.pdf,Asian,"[2, 4, 8, 9]"
https://www.sign.ac.uk/media/1787/sg-maternal-critical-care-provision_v33.pdf,Black,"[2, 4, 6, 8, 9]"
https://www.sign.ac.uk/media/1901/20211213-vte-search-strategy-for-website.pdf,Chinese,[1]
https://www.sign.ac.uk/media/1060/sign122.pdf,White,"[86, 88]"
https://www.sign.ac.uk/media/2357/20251103-type-2-diabetes-prevention-gl-publication-v4.pdf,White,"[7, 24]"
https://www.sign.ac.uk/media/2357/20251103-type-2-diabetes-prevention-gl-publication-v4.pdf,Asian,"[6, 7, 14, 19, 27]"
https://www.sign.ac.uk/media/2357/20251103-type-2-diabetes-prevention-gl-publication-v4.pdf,Indian,"[7, 42]"
https://www.sign.ac.uk/media/2357/20251103-type-2-diabetes-prevention-gl-publication-v4.pdf,Pakistani,[7]
https://www.sign.ac.uk/media/2357/20251103-type-2-diabetes-prevention-gl-publication-v4.pdf,Bangladeshi,[7]
https://www.sign.ac.uk/media/2357/20251103-type-2-diabetes-prevention-gl-publication-v4.pdf,Chinese,"[7, 14, 27]"
https://www.sign.ac.uk/media/2357/20251103-type-2-diabetes-prevention-gl-publication-v4.pdf,Black,"[7, 14, 19, 27]"
https://www.sign.ac.uk/media/2357/20251103-type-2-diabetes-prevention-gl-publication-v4.pdf,African,"[7, 14, 19, 27]"
https://www.sign.ac.uk/media/2357/20251103-type-2-diabetes-prevention-gl-publication-v4.pdf,Caribbean,"[7, 14, 19, 27]"
https://www.sign.ac.uk/media/2357/20251103-type-2-diabetes-prevention-gl-publication-v4.pdf,Arab,"[7, 27]"
https://www.sign.ac.uk/media/2294/type-2-diabetes-consultation-report.pdf,Asian,"[27, 28]"
https://www.sign.ac.uk/media/2294/type-2-diabetes-consultation-report.pdf,Chinese,"[27, 28]"
https://www.sign.ac.uk/media/2294/type-2-diabetes-consultation-report.pdf,Black,"[27, 28]"
https://www.sign.ac.uk/media/2294/type-2-diabetes-consultation-report.pdf,African,"[5, 27, 28]"
https://www.sign.ac.uk/media/2294/type-2-diabetes-consultation-report.pdf,Caribbean,"[27, 28]"
https://www.sign.ac.uk/media/2293/type-2-diabetes-prevention-eqia.pdf,White,[9]
https://www.sign.ac.uk/media/2293/type-2-diabetes-prevention-eqia.pdf,Asian,[9]
https://www.sign.ac.uk/media/2293/type-2-diabetes-prevention-eqia.pdf,Black,[9]
https://www.sign.ac.uk/media/2293/type-2-diabetes-prevention-eqia.pdf,African,[9]
https://www.sign.ac.uk/media/2293/type-2-diabetes-prevention-eqia.pdf,Caribbean,[9]
https://www.sign.ac.uk/media/2295/sign-172-summary-of-adaptations.pdf,Asian,"[4, 7, 12, 21, 22, 34, 35]"
https://www.sign.ac.uk/media/2295/sign-172-summary-of-adaptations.pdf,Chinese,"[4, 7, 12, 21, 22, 34, 35]"
https://www.sign.ac.uk/media/2295/sign-172-summary-of-adaptations.pdf,Black,"[4, 34, 35]"
https://www.sign.ac.uk/media/2295/sign-172-summary-of-adaptations.pdf,African,"[4, 34, 35]"
https://www.sign.ac.uk/media/2295/sign-172-summary-of-adaptations.pdf,Caribbean,"[4, 34, 35]"
https://www.sign.ac.uk/media/2295/sign-172-summary-of-adaptations.pdf,Arab,[34]
https://www.sign.ac.uk/media/1085/sign149.pdf,White,"[14, 20, 31, 36, 111]"
https://www.sign.ac.uk/media/1085/sign149.pdf,Asian,"[20, 31, 36, 37]"
https://www.sign.ac.uk/media/1085/sign149.pdf,Indian,"[20, 36]"
https://www.sign.ac.uk/media/1085/sign149.pdf,Pakistani,"[20, 36, 37]"
https://www.sign.ac.uk/media/1085/sign149.pdf,Bangladeshi,[20]
https://www.sign.ac.uk/media/1085/sign149.pdf,Chinese,"[14, 20, 36, 105, 111]"
https://www.sign.ac.uk/media/1085/sign149.pdf,Black,"[20, 31, 72, 110, 115]"
https://www.sign.ac.uk/media/1085/sign149.pdf,African,"[20, 72]"
https://www.sign.ac.uk/media/1085/sign149.pdf,Caribbean,"[20, 72]"
https://www.sign.ac.uk/media/1467/sign149_search_narrative.pdf,White,[6]
https://www.sign.ac.uk/media/1465/sign149_consultation_report.pdf,White,[19]
https://www.sign.ac.uk/media/1465/sign149_consultation_report.pdf,Chinese,[19]
https://www.sign.ac.uk/media/2039/sign50_2015.pdf,White,[30]
https://www.sign.ac.uk/media/2039/sign50_2015.pdf,Asian,[30]
https://www.sign.ac.uk/media/1423/sign157.pdf,White,[44]
https://www.sign.ac.uk/media/1423/sign157.pdf,Chinese,"[22, 50]"
https://www.sign.ac.uk/media/2329/sign50_2019.pdf,White,[27]
https://www.sign.ac.uk/media/2329/sign50_2019.pdf,Asian,[27]
https://www.sign.ac.uk/media/1643/sign50_2014.pdf,White,[30]
https://www.sign.ac.uk/media/1643/sign50_2014.pdf,Asian,[30]
https://www.sign.ac.uk/media/1072/sign134.pdf,White,[34]
